{
    "intents": [
        {
            "tag": "add-event",
            "patterns": [
                "agrega un evento",
                "añade un evento",
                "nuevo envento",
                "crea evento",
                "crea un evento",
                "recuérdame",
                "recuerdame",
                "crea una cita",
                "agrega un recordatorio",
                "crea un recordatorio",
                "añadir evento",
                "quiero agregar un evento",
                "quiero añadir un evento",
                "quiero agregar un recordatorio",
                "me gustaría agregar un evento"
            ],
            "responses": ["¿Cuál es el título del evento que voy a crear?"],
            "context_set": ""
        },
        {
            "tag": "add-event-today",
            "patterns": [
                "agrega un evento hoy",
                "añade un evento hoy",
                "nuevo envento hoy",
                "crea evento hoy",
                "crea un evento hoy",
                "recuérdame hoy",
                "recuerdame hoy",
                "crea una cita hoy",
                "agrega un recordatorio hoy",
                "crea un recordatorio hoy",
                "añadir evento hoy",
                "quiero agregar un evento hoy",
                "quiero añadir un evento hoy",
                "quiero agregar un recordatorio hoy",
                "me gustaría agregar un evento hoy",
                "agrega un evento para hoy",
                "añade un evento para hoy",
                "nuevo envento para hoy",
                "crea evento para hoy",
                "crea un evento para hoy",
                "recuérdame para hoy",
                "recuerdame para hoy",
                "crea una cita para hoy",
                "agrega un recordatorio para hoy",
                "crea un recordatorio para hoy",
                "añadir evento para hoy",
                "quiero agregar un evento para hoy",
                "quiero añadir un evento para hoy",
                "quiero agregar un recordatorio para hoy",
                "me gustaría agregar un evento para hoy"
            ],
            "responses": ["¿Cuál es el título del evento que voy a crear para hoy?"],
            "context_set": ""
        },
        {
            "tag": "add-event-tomorrow",
            "patterns": [
                "agrega un evento mañana",
                "añade un evento mañana",
                "nuevo envento mañana",
                "crea evento mañana",
                "crea un evento mañana",
                "recuérdame mañana",
                "recuerdame mañana",
                "crea una cita mañana",
                "agrega un recordatorio mañana",
                "crea un recordatorio mañana",
                "añadir evento mañana",
                "quiero agregar un evento mañana",
                "quiero añadir un evento mañana",
                "quiero agregar un recordatorio mañana",
                "me gustaría agregar un evento mañana",
                "agrega un evento para mañana",
                "añade un evento para mañana",
                "nuevo envento para mañana",
                "crea evento para mañana",
                "crea un evento para mañana",
                "recuérdame para mañana",
                "recuerdame para mañana",
                "crea una cita para mañana",
                "agrega un recordatorio para mañana",
                "crea un recordatorio para mañana",
                "añadir evento para mañana",
                "quiero agregar un evento para mañana",
                "quiero añadir un evento para mañana",
                "quiero agregar un recordatorio para mañana",
                "me gustaría agregar un evento para mañana"
            ],
            "responses": ["¿Cuál es el título del evento que voy a crear para mañana?"],
            "context_set": ""
        },
        {
            "tag": "get-event-today",
            "patterns": [
                "muestrame todas mis citas de hoy",
                "traeme todas mis citas de hoy",
                "muestrame todos mis eventos de hoy",
                "traeme todos mis eventos de hoy",
                "quiero ver todos mis eventos de hoy",
                "quiero todos los eventos de hoy",
                "quiero que me muestres todos mis eventos de hoy",
                "enséñame todos mis eventos de hoy",
                "muestrame todos mis recordatorios de hoy",
                "traeme todos mis recordatorios de hoy",
                "quiero ver todos mis recordatorios de hoy",
                "quiero todos los recordatorios de hoy",
                "quiero que me muestres todos mis recordatorios de hoy",
                "enséñame todos mis recordatorios de hoy",
                "muestrame todas mis citas de hoy",
                "traeme todas mis citas de hoy",
                "quiero ver todas mis citas de hoy",
                "quiero todas los citas de hoy",
                "quiero que me muestres todas mis citas de hoy",
                "enséñame mis citas de hoy",
                "muestrame mis citas de hoy",
                "traeme mis citas de hoy",
                "muestrame mis eventos de hoy",
                "traeme mis eventos de hoy",
                "quiero ver mis eventos de hoy",
                "quiero los eventos de hoy",
                "quiero que me muestres mis eventos de hoy",
                "enséñame mis eventos de hoy",
                "muestrame mis recordatorios de hoy",
                "traeme mis recordatorios de hoy",
                "quiero ver mis recordatorios de hoy",
                "quiero los recordatorios de hoy",
                "quiero que me muestres mis recordatorios de hoy",
                "enséñame mis recordatorios de hoy",
                "muestrame mis citas de hoy",
                "traeme mis citas de hoy",
                "quiero ver mis citas de hoy",
                "quiero los citas de hoy",
                "quiero que me muestres mis citas de hoy",
                "enséñame mis citas de hoy",
                "muestrame todas mis citas para hoy",
                "traeme todas mis citas para hoy",
                "muestrame todos mis eventos para hoy",
                "traeme todos mis eventos para hoy",
                "quiero ver todos mis eventos para hoy",
                "quiero todos los eventos para hoy",
                "quiero que me muestres todos mis eventos para hoy",
                "enséñame todos mis eventos para hoy",
                "muestrame todos mis recordatorios para hoy",
                "traeme todos mis recordatorios para hoy",
                "quiero ver todos mis recordatorios para hoy",
                "quiero todos los recordatorios para hoy",
                "quiero que me muestres todos mis recordatorios para hoy",
                "enséñame todos mis recordatorios para hoy",
                "muestrame todas mis citas para hoy",
                "traeme todas mis citas para hoy",
                "quiero ver todas mis citas para hoy",
                "quiero todas los citas para hoy",
                "quiero que me muestres todas mis citas para hoy",
                "enséñame mis citas para hoy",
                "muestrame mis citas para hoy",
                "traeme mis citas para hoy",
                "muestrame mis eventos para hoy",
                "traeme mis eventos para hoy",
                "quiero ver mis eventos para hoy",
                "quiero los eventos para hoy",
                "quiero que me muestres mis eventos para hoy",
                "enséñame mis eventos para hoy",
                "muestrame mis recordatorios para hoy",
                "traeme mis recordatorios para hoy",
                "quiero ver mis recordatorios para hoy",
                "quiero los recordatorios para hoy",
                "quiero que me muestres mis recordatorios para hoy",
                "enséñame mis recordatorios para hoy",
                "muestrame mis citas para hoy",
                "traeme mis citas para hoy",
                "quiero ver mis citas para hoy",
                "quiero los citas para hoy",
                "quiero que me muestres mis citas para hoy",
                "enséñame mis citas para hoy",
                "que eventos tengo hoy",
                "que recordatorios tengo hoy",
                "que citas tengo hoy",
                "que eventos tengo para hoy",
                "que recordatorios tengo para hoy",
                "que citas tengo para hoy"
            ],
            "responses": [
                "Aquí tienes tus eventos de hoy"
            ]
        },
        {
            "tag": "get-event-tomorrow",
            "patterns": [
                "muestrame todas mis citas de mañana",
                "traeme todas mis citas de mañana",
                "muestrame todos mis eventos de mañana",
                "traeme todos mis eventos de mañana",
                "quiero ver todos mis eventos de mañana",
                "quiero todos los eventos de mañana",
                "quiero que me muestres todos mis eventos de mañana",
                "enséñame todos mis eventos de mañana",
                "muestrame todos mis recordatorios de mañana",
                "traeme todos mis recordatorios de mañana",
                "quiero ver todos mis recordatorios de mañana",
                "quiero todos los recordatorios de mañana",
                "quiero que me muestres todos mis recordatorios de mañana",
                "enséñame todos mis recordatorios de mañana",
                "muestrame todas mis citas de mañana",
                "traeme todas mis citas de mañana",
                "quiero ver todas mis citas de mañana",
                "quiero todas los citas de mañana",
                "quiero que me muestres todas mis citas de mañana",
                "enséñame mis citas de mañana",
                "muestrame mis citas de mañana",
                "traeme mis citas de mañana",
                "muestrame mis eventos de mañana",
                "traeme mis eventos de mañana",
                "quiero ver mis eventos de mañana",
                "quiero los eventos de mañana",
                "quiero que me muestres mis eventos de mañana",
                "enséñame mis eventos de mañana",
                "muestrame mis recordatorios de mañana",
                "traeme mis recordatorios de mañana",
                "quiero ver mis recordatorios de mañana",
                "quiero los recordatorios de mañana",
                "quiero que me muestres mis recordatorios de mañana",
                "enséñame mis recordatorios de mañana",
                "muestrame mis citas de mañana",
                "traeme mis citas de mañana",
                "quiero ver mis citas de mañana",
                "quiero los citas de mañana",
                "quiero que me muestres mis citas de mañana",
                "enséñame mis citas de mañana",
                "muestrame todas mis citas para mañana",
                "traeme todas mis citas para mañana",
                "muestrame todos mis eventos para mañana",
                "traeme todos mis eventos para mañana",
                "quiero ver todos mis eventos para mañana",
                "quiero todos los eventos para mañana",
                "quiero que me muestres todos mis eventos para mañana",
                "enséñame todos mis eventos para mañana",
                "muestrame todos mis recordatorios para mañana",
                "traeme todos mis recordatorios para mañana",
                "quiero ver todos mis recordatorios para mañana",
                "quiero todos los recordatorios para mañana",
                "quiero que me muestres todos mis recordatorios para mañana",
                "enséñame todos mis recordatorios para mañana",
                "muestrame todas mis citas para mañana",
                "traeme todas mis citas para mañana",
                "quiero ver todas mis citas para mañana",
                "quiero todas los citas para mañana",
                "quiero que me muestres todas mis citas para mañana",
                "enséñame mis citas para mañana",
                "muestrame mis citas para mañana",
                "traeme mis citas para mañana",
                "muestrame mis eventos para mañana",
                "traeme mis eventos para mañana",
                "quiero ver mis eventos para mañana",
                "quiero los eventos para mañana",
                "quiero que me muestres mis eventos para mañana",
                "enséñame mis eventos para mañana",
                "muestrame mis recordatorios para mañana",
                "traeme mis recordatorios para mañana",
                "quiero ver mis recordatorios para mañana",
                "quiero los recordatorios para mañana",
                "quiero que me muestres mis recordatorios para mañana",
                "enséñame mis recordatorios para mañana",
                "muestrame mis citas para mañana",
                "traeme mis citas para mañana",
                "quiero ver mis citas para mañana",
                "quiero los citas para mañana",
                "quiero que me muestres mis citas para mañana",
                "enséñame mis citas para mañana",
                "que eventos tengo mañana",
                "que recordatorios tengo mañana",
                "que citas tengo mañana",
                "que eventos tengo para mañana",
                "que recordatorios tengo para mañana",
                "que citas tengo para mañana"
            ],
            "responses": [
                "Aquí tienes tus eventos de mañana"
            ]
        },
        {
            "tag": "get-event-todos",
            "patterns": [
                "muestrame todas mis citas",
                "muestrame todo",
                "traeme todo",
                "traeme todas mis citas",
                "muestrame todos mis eventos",
                "traeme todos mis eventos",
                "quiero ver todos mis eventos",
                "quiero todos los eventos",
                "quiero que me muestres todos mis eventos",
                "enséñame todos mis eventos",
                "muestrame todos mis recordatorios",
                "traeme todos mis recordatorios",
                "quiero ver todos mis recordatorios",
                "quiero todos los recordatorios",
                "quiero que me muestres todos mis recordatorios",
                "enséñame todos mis recordatorios",
                "muestrame todas mis citas",
                "traeme todas mis citas",
                "quiero ver todas mis citas",
                "quiero todas los citas",
                "quiero que me muestres todas mis citas",
                "enséñame todas mis citas"
            ],
            "responses": ["Consultando todos tus eventos"]
        },
        {
            "tag": "get-event-fecha",
            "patterns": [
                "muestrame mis eventos del 15 de abril",
                "muestrame mis eventos del 28 de junio",
                "muestrame mis eventos del 1 de enero",
                "muestrame mis eventos del 9 de mayo",
                "muestrame mis eventos del 17 de julio",
                "muestrame mis eventos del 26 de octubre",
                "muestrame mis eventos del 3 de diciembre",
                "muestrame mis eventos del 14 de septiembre",
                "quiero ver mis eventos del 12 de noviembre",
                "quiero ver mis eventos del 18 de junio",
                "quiero ver mis eventos del 3 de agosto",
                "quiero ver mis eventos del 5 de abril",
                "quiero ver mis eventos del 25 de febrero",
                "quiero ver mis eventos del 4 de octubre",
                "quiero ver mis eventos del 8 de marzo",
                "quiero ver mis eventos del 21 de septiembre",
                "lista mis eventos del 29 de febrero",
                "lista mis eventos del 28 de octubre",
                "lista mis eventos del 6 de enero",
                "lista mis eventos del 23 de mayo",
                "lista mis eventos del 2 de julio",
                "lista mis eventos del 26 de octubre",
                "lista mis eventos del 3 de diciembre",
                "lista mis eventos del 14 de septiembre"
            ],
            "responses": ["Consultando los eventos de fecha"]
        },
        {
            "tag": "get-event-day",
            "patterns": [
                "muestrame mis eventos del lunes",
                "muestrame mis eventos del martes",
                "muestrame mis eventos del miercoles",
                "muestrame mis eventos del jueves",
                "muestrame mis eventos del viernes",
                "muestrame mis eventos del sabado",
                "muestrame mis eventos del domingo",
                "lista mis eventos del lunes",
                "lista mis eventos del martes",
                "lista mis eventos del miercoles",
                "lista mis eventos del jueves",
                "lista mis eventos del viernes",
                "lista mis eventos del sabado",
                "lista mis eventos del domingo",
                "enseñame mis eventos del lunes",
                "enseñame mis eventos del martes",
                "enseñame mis eventos del miercoles",
                "enseñame mis eventos del jueves",
                "enseñame mis eventos del viernes",
                "enseñame mis eventos del sabado",
                "enseñame mis eventos del domingo",
                "quiero ver mis eventos del lunes",
                "quiero ver mis eventos del martes",
                "quiero ver mis eventos del miercoles",
                "quiero ver mis eventos del jueves",
                "quiero ver mis eventos del viernes",
                "quiero ver mis eventos del sabado",
                "quiero ver mis eventos del domingo",
                "muestrame mis recordatorios del lunes",
                "muestrame mis recordatorios del martes",
                "muestrame mis recordatorios del miercoles",
                "muestrame mis recordatorios del jueves",
                "muestrame mis recordatorios del viernes",
                "muestrame mis recordatorios del sabado",
                "muestrame mis recordatorios del domingo",
                "lista mis recordatorios del lunes",
                "lista mis recordatorios del martes",
                "lista mis recordatorios del miercoles",
                "lista mis recordatorios del jueves",
                "lista mis recordatorios del viernes",
                "lista mis recordatorios del sabado",
                "lista mis recordatorios del domingo",
                "enseñame mis recordatorios del lunes",
                "enseñame mis recordatorios del martes",
                "enseñame mis recordatorios del miercoles",
                "enseñame mis recordatorios del jueves",
                "enseñame mis recordatorios del viernes",
                "enseñame mis recordatorios del sabado",
                "enseñame mis recordatorios del domingo",
                "quiero ver mis recordatorios del lunes",
                "quiero ver mis recordatorios del martes",
                "quiero ver mis recordatorios del miercoles",
                "quiero ver mis recordatorios del jueves",
                "quiero ver mis recordatorios del viernes",
                "quiero ver mis recordatorios del sabado",
                "quiero ver mis recordatorios del domingo",
                "muestrame mis citas del lunes",
                "muestrame mis citas del martes",
                "muestrame mis citas del miercoles",
                "muestrame mis citas del jueves",
                "muestrame mis citas del viernes",
                "muestrame mis citas del sabado",
                "muestrame mis citas del domingo",
                "lista mis citas del lunes",
                "lista mis citas del martes",
                "lista mis citas del miercoles",
                "lista mis citas del jueves",
                "lista mis citas del viernes",
                "lista mis citas del sabado",
                "lista mis citas del domingo",
                "enseñame mis citas del lunes",
                "enseñame mis citas del martes",
                "enseñame mis citas del miercoles",
                "enseñame mis citas del jueves",
                "enseñame mis citas del viernes",
                "enseñame mis citas del sabado",
                "enseñame mis citas del domingo",
                "quiero ver mis citas del lunes",
                "quiero ver mis citas del martes",
                "quiero ver mis citas del miercoles",
                "quiero ver mis citas del jueves",
                "quiero ver mis citas del viernes",
                "quiero ver mis citas del sabado",
                "quiero ver mis citas del domingo",
                "muestrame mis eventos para el lunes",
                "muestrame mis eventos para el martes",
                "muestrame mis eventos para el miercoles",
                "muestrame mis eventos para el jueves",
                "muestrame mis eventos para el viernes",
                "muestrame mis eventos para el sabado",
                "muestrame mis eventos para el domingo",
                "lista mis eventos para el lunes",
                "lista mis eventos para el martes",
                "lista mis eventos para el miercoles",
                "lista mis eventos para el jueves",
                "lista mis eventos para el viernes",
                "lista mis eventos para el sabado",
                "lista mis eventos para el domingo",
                "enseñame mis eventos para el lunes",
                "enseñame mis eventos para el martes",
                "enseñame mis eventos para el miercoles",
                "enseñame mis eventos para el jueves",
                "enseñame mis eventos para el viernes",
                "enseñame mis eventos para el sabado",
                "enseñame mis eventos para el domingo",
                "quiero ver mis eventos para el lunes",
                "quiero ver mis eventos para el martes",
                "quiero ver mis eventos para el miercoles",
                "quiero ver mis eventos para el jueves",
                "quiero ver mis eventos para el viernes",
                "quiero ver mis eventos para el sabado",
                "quiero ver mis eventos para el domingo",
                "muestrame mis recordatorios para el lunes",
                "muestrame mis recordatorios para el martes",
                "muestrame mis recordatorios para el miercoles",
                "muestrame mis recordatorios para el jueves",
                "muestrame mis recordatorios para el viernes",
                "muestrame mis recordatorios para el sabado",
                "muestrame mis recordatorios para el domingo",
                "lista mis recordatorios para el lunes",
                "lista mis recordatorios para el martes",
                "lista mis recordatorios para el miercoles",
                "lista mis recordatorios para el jueves",
                "lista mis recordatorios para el viernes",
                "lista mis recordatorios para el sabado",
                "lista mis recordatorios para el domingo",
                "enseñame mis recordatorios para el lunes",
                "enseñame mis recordatorios para el martes",
                "enseñame mis recordatorios para el miercoles",
                "enseñame mis recordatorios para el jueves",
                "enseñame mis recordatorios para el viernes",
                "enseñame mis recordatorios para el sabado",
                "enseñame mis recordatorios para el domingo",
                "quiero ver mis recordatorios para el lunes",
                "quiero ver mis recordatorios para el martes",
                "quiero ver mis recordatorios para el miercoles",
                "quiero ver mis recordatorios para el jueves",
                "quiero ver mis recordatorios para el viernes",
                "quiero ver mis recordatorios para el sabado",
                "quiero ver mis recordatorios para el domingo",
                "muestrame mis citas para el lunes",
                "muestrame mis citas para el martes",
                "muestrame mis citas para el miercoles",
                "muestrame mis citas para el jueves",
                "muestrame mis citas para el viernes",
                "muestrame mis citas para el sabado",
                "muestrame mis citas para el domingo",
                "lista mis citas para el lunes",
                "lista mis citas para el martes",
                "lista mis citas para el miercoles",
                "lista mis citas para el jueves",
                "lista mis citas para el viernes",
                "lista mis citas para el sabado",
                "lista mis citas para el domingo",
                "enseñame mis citas para el lunes",
                "enseñame mis citas para el martes",
                "enseñame mis citas para el miercoles",
                "enseñame mis citas para el jueves",
                "enseñame mis citas para el viernes",
                "enseñame mis citas para el sabado",
                "enseñame mis citas para el domingo",
                "quiero ver mis citas para el lunes",
                "quiero ver mis citas para el martes",
                "quiero ver mis citas para el miercoles",
                "quiero ver mis citas para el jueves",
                "quiero ver mis citas para el viernes",
                "quiero ver mis citas para el sabado",
                "quiero ver mis citas para el domingo",
                "que eventos tengo para el lunes",
                "que eventos tengo para el martes",
                "que eventos tengo para el miercoles",
                "que eventos tengo para el jueves",
                "que eventos tengo para el viernes",
                "que eventos tengo para el sabado",
                "que eventos tengo para el domingo",
                "que recordatorios tengo para el lunes",
                "que recordatorios tengo para el martes",
                "que recordatorios tengo para el miercoles",
                "que recordatorios tengo para el jueves",
                "que recordatorios tengo para el viernes",
                "que recordatorios tengo para el sabado",
                "que recordatorios tengo para el domingo",
                "que citas tengo para el lunes",
                "que citas tengo para el martes",
                "que citas tengo para el miercoles",
                "que citas tengo para el jueves",
                "que citas tengo para el viernes",
                "que citas tengo para el sabado",
                "que citas tengo para el domingo",
                "que eventos tengo el lunes",
                "que eventos tengo el martes",
                "que eventos tengo el miercoles",
                "que eventos tengo el jueves",
                "que eventos tengo el viernes",
                "que eventos tengo el sabado",
                "que eventos tengo el domingo",
                "que recordatorios tengo el lunes",
                "que recordatorios tengo el martes",
                "que recordatorios tengo el miercoles",
                "que recordatorios tengo el jueves",
                "que recordatorios tengo el viernes",
                "que recordatorios tengo el sabado",
                "que recordatorios tengo el domingo",
                "que citas tengo el lunes",
                "que citas tengo el martes",
                "que citas tengo el miercoles",
                "que citas tengo el jueves",
                "que citas tengo el viernes",
                "que citas tengo el sabado",
                "que citas tengo el domingo"
            ],
            "responses": ["Consultando los eventos de dia"]
        },
        {
            "tag": "delete-event",
            "patterns": [
                "quiero brorar un evento",
                "borra un evento",
                "borra un recordatorio",
                "borra una cita",
                "elimina un evento",
                "elimina un recordatorio",
                "elimina una cita",
                "borrar"
            ],
            "responses": ["¿Qué evento desea borrar?"]
        }
    ]
}
